"# of Use","# de Uso"
"%1$s incl tax.","%1$s incl impuestos."
"%s - %s","%s - %s"
"%s Item(s)","%s Artículo(s)"
"(Copy data from: %s)","(Copiar datos de: %s)"
"(Will make search for the query above return results for this search.)","(Hará búsqueda para la consulta de los resultados obtenidos de esta búsqueda.)"
"* Required Fields","* Campos requeridos"
"-- Please Select --","-- Seleccione --"
"Starting at:","A partir de:"
"Add to Compare","Añadir a comparar"
"Add to Wishlist","Añadir a lista de deseos"
"Add to My Wishlist","Añadir a Mi lista de deseos"
"Add to Cart","Añadir al carrito"
"Add New Set","Añadir Arreglo Nuevo"
"Add Attribute","Añadir atributo"
"Add Tier","Añadir Capa"
"Add New Attribute Set","Añadir conjunto de atributos nuevos"
"Add Design Change","Añadir el cambio de diseño"
"Add New Group","Añadir grupo nuevo"
"Add New Images","Añadir Imágenes nuevas"
"Add Option","Añadir la opción"
"Add Items to Cart","Añadir los artículos al Carrito"
"Add New","Añadir Nuevo"
"Add Product","Añadir Producto"
"Add Product To Websites","Añadir producto a los sitios web"
"Add New Search Term","Añadir término nuevo de búsqueda"
"Bottom/Right","Abajo/Derecha"
"Bottom/Left","Abajo/Izquierda"
"Action","Acción"
"Zoom In","Acercar"
"Enabled","Activado"
"Update","Actualizar"
"Update Attributes","Actualizar Atributos"
"Update attributes","Actualizar atributos"
"Update category","Actualizar categoría"
"Update product link","Actualizar enlace de producto"
"Update product image","Actualizar imagen de producto"
"Update Tier Price","Actualizar nivel de precio"
"Update product tier prices","Actualizar nivel de precios de producto"
"Update product","Actualizar producto"
"Update assigned product","Actualizar producto asignado"
"Currently Shopping by","Actualmente De compras por"
"Out of Stock","Agotado"
"Out of stock","Agotado"
"Out of stock.","Agotado."
"Add New Attribute","Agregar atributo nuevo"
"Add Root Category","Agregar Categoría Raíz"
"Add Group","Agregar grupo"
"Add Tax","Agregar Impuestos"
"Add New Option","Agregar Opción Nueva"
"Add New Row","Agregar Renglón Nuevo"
"Please add rows to option.","Agregar renglones a opción por favor."
"Add Subcategory","Agregar Subcategoría"
"Create Product Settings","Ajustes a Crear productos"
"Configurable Product Settings","Ajustes de Producto configurable"
"Scope","Alcance"
"Catalog Price Scope","Alcance de precios del catálogo"
"Zoom Out","Alejar"
"Product Alerts","Alertas de productos"
"Customers for alert %s was successfuly added to queue","Alertas para clientes %s fue agregada a la cola exitosamente"
"Allowed File Extensions","Allowed File Extensions"
"Allowed file extensions to upload","Allowed file extensions to upload"
"AM","AM"
"Amount","Amount"
"Previous","Anterior"
"Prev","Anterior"
"Last Name","Apellido"
"Product attribute sets API","API de Arreglos de Atributos de Producto"
"Product attributes API","API de atributos de Producto"
"Product links API (related, cross sells, up sells)","API de enlaces de producto (relacionado, ventas cruzadas, ventas más altas)"
"Product types API","API de Tipos de Producto"
"Apply To","Aplicar a"
"Apply To Configurable/Grouped Product","Aplicar Para Producto Configurable/Agrupado"
"Approved","Aprobado"
"Invalid attribute set specified, skipping the record","Arreglo de atributo especificado inválido, omitiendo el registro"
"Top/Right","Arriba/Derecha"
"Top/Left","Arriba/Izquierda"
"Items %s to %s of %s total","Artículos %s a %s de un total de %s"
"Assign","Asignar"
"Assign product link","Asignar enlace al producto"
"Assign product to category","Asignar producto a categoría"
"Last Notification","Última notificación"
"Static block only","Únicamente bloque estático"
"Attribute with the same code already exists","Atributo con el mismo código ya existe"
"New Product Attribute","Atributo de Productos Nuevo"
"Cart Item Attribute","Atributo del Artículo del Carrito"
"Product Attribute","Atributo del Producto"
"Unknown attribute: %s","Atributo desconocido: %s"
"Attributes","Atributos"
"Product Attributes","Atributos del producto"
"Product attribute was successfully saved","Atributos del producto se ha guardado"
"Product attribute was successfully deleted","Atributos del producto se ha suprimido"
"Unassigned Attributes","Atributos sin asignar"
"Text Area","Área de Texto"
"All products of this set will be deleted! Are you sure you want to delete this attribute set?","¡Todos los productos de este arreglo serán borrados! ¿Está seguro de que desea eliminar esta arreglo del atributo?"
"Are you sure you would like to remove all products from your comparison?","¿Está seguro de que desea eliminar todos los productos de su comparación?"
"Are you sure you would like to remove this item from the compare products?","¿Está seguro que quiere eliminar este artículo de comparador de productos?"
"Are you sure?","¿Está seguro?"
"Are you sure you want to delete this category?","¿Estás seguro de que desea borrar esta categoría?"
"Based On","Basado en"
"New Search","Búsqueda Nueva"
"Block after Info Column","Bloque después de la columna de Información"
"Static block and products","bloque estático y productos"
"Invalid block: %s","Bloque inválido: %s"
"Delete Search","Borrar Búsqueda"
"Clear All","Borrar Todo"
"Clear All Items","Borrar todos los artículos"
"Search","Buscar"
"Search Information","Buscar información"
"each","cada"
"Change","Cambiar"
"Change or Retrieve attribute store view","Cambiar o Recuperar atributo de la vista de la tienda"
"Change status","Cambio de estatus"
"Text Field","Campo de Texto"
"unselect all","cancelar toda la selección"
"Cannot create writeable directory '%s'","Cannot create writeable directory '%s'"
"Qty","Cant."
"Minimum Qty for Item's Status to be Out of Stock","Cant. mínima de Artículos del Estatus Agotado"
"Default Qty","Cant. Predeterminada"
"Qty Uses Decimals","Cant. Utiliza Decimales"
"Maximum Qty Allowed in Shopping Cart","Cantidad máxima permitida en el carrito de compra"
"Minimum Qty Allowed in Shopping Cart","Cantidad mínima permitida en el carrito de compra"
"Qty for Item's Status to become Out of Stock","Cantidad para que un artículo sea considerado en estatus de agotado"
"Total Qty Base Items","Cantidad total de artículos Base"
"Feature Products","Características de Productos"
"Catalog","Catálogo"
"Catalog, Search","Catálogo, Búsqueda"
"Category","Categoría"
"Category API","Categoría API"
"Category attributes API","Categoría atributos API"
"Category Data","Categoría de datos"
"Category Top Navigation","Categoría de Navegación Arriba"
"Category Navigation:","Categoría de navegación:"
"Category Products","Categoría de Productos"
"Category must be instance of Mage_Catalog_Model_Category","Categoría debe ser ejemplo de Mage_Catalog_Model_Category"
"Category deleted","Categoría Eliminada"
"Category saved","Categoría guardada"
"Invalid category IDs","Categoría ID inválida"
"Invalid category","Categoría inválida"
"New Category","Categoría Nueva"
"Parent Category","Categoría Padre"
"Category URL Suffix","Categoría URL Sufijo"
"Categories","Categorías"
"categories","categorías"
"Product Categories","Categorías de productos"
"Attribute Code","Código del atributo"
"Close Window","Cerrar Ventana"
"Collapse All","Colapsar Todo"
"Product collection expected","Colección de Productos de esperada"
"Product Info Column","Columna de Información de Producto"
"Conditions Combination","Combinar Condiciones"
"Review successfully deleted","Comentario eliminado exitosamente"
"Review was saved successfully","Comentario se guardó correctamente"
"Review was successfully saved","Comentario se ha guardado correctamente"
"Reviews","Comentarios"
"Product Reviews","Comentarios a Producto"
"Products Reviews","Comentarios en Productos"
"Compare Items","Compara artículos"
"Comparable","Comparables"
"Comparable on Front-end","Comparación en el Front-end"
"Compare Products List","Comparar Lista de Productos"
"Compare Products","Comparar productos"
"Compare Products (%d)","Comparar Productos (%d)"
"Compare Products - %d Items","Comparar Productos - Artículos %d"
"Buy %1$s for %2$s","Comprar %1$s para %2$s"
"Buy %1$s for %2$s (%3$s incl. tax) each","Comprar %1$s para %2$s (%3$s incl. impuestos) cada uno"
"Buy %1$s for %2$s each","Comprar %1$s para %2$s cada uno"
"Shop by","Comprar por"
"Filterable (with results)","Con filtro (con resultados)"
"Filterable (no results)","Con filtro (sin resultados)"
"Settings","Configuración"
"Super product attributes configuration","Configuración de atributos de super producto"
"Attribute Set","Conjunto del Arreglo"
"Search Query","Consulta de búsqueda"
"Continue","Continuar"
"Copy From Configurable","Copiar desde configurable"
"Quick Create","Creación Rápida"
"Quick simple product creation","Creación rápida de producto simple"
"Create","Crear"
"Create (Upload)","Crear (Subir)"
"Create Simple Associated Product","Crear asociación simple de productos"
"Create new category","Crear categoría nueva"
"Create new product","Crear producto nuevo"
"Create Empty","Crear Vacío"
"Image content is not valid base64 data.","Dato base64 no es válido para el contenido de la imagen."
"must be in the allowed values list","debe estar en la lista de valores permitidos"
"Decimal","Decimal"
"Declare attribute value saving scope","Declarar el alcance del valor del atributo a guardar"
"Depends on design theme","Depends on design theme"
"Product Description","Descripción del producto"
"Dropdown","Desplegable"
"Design","Diseño"
"Custom Design","Diseño Personalizado"
"Availability","Disponibilidad"
"Stock Availability","Disponibilidad de existencias"
"Availability: Out of stock.","Disponibilidad: Agotado."
"Availability: In stock.","Disponibilidad: En existencias."
"Duplicate","Duplicar"
"Duplicate website tier price customer group and quantity.","Duplicar la capa del sitio web de precio, grupo de clientes y cantidad."
"ex. http://domain.com","ej. http://domain.mx"
"Base directory to upload image file is not specified","El directorio base para cargar archivo de imagen no esta especificado"
"Filter must be as object. Set correct filter please","El Filtro debe estar como objeto. Establezca el filtro correcto, por favor"
"Filter model name must be declared","El nombre del modelo del filtro debe ser declarado"
"Product has required options","El producto ha requerido de opciones"
"Choose option...","Elegir opción..."
"Choose an Option...","Elegir una opción..."
"Remove","Eliminar"
"Delete","Eliminar"
"Delete Attribute Set","Eliminar Ajustes de atributo"
"Remove product assignment","Eliminar asignación de producto"
"Delete Attribute","Eliminar Atributo"
"Delete category","Eliminar Categoría"
"Delete Category","Eliminar categoría"
"Remove product link","Eliminar enlace de producto"
"Remove This Item","Eliminar este Artículo"
"Delete Selected Group","Eliminar Grupos Seleccionados"
"Remove product image","Eliminar imagen de producto"
"Delete Option","Eliminar Opción"
"Remove Product","Eliminar Producto"
"Delete product","Eliminar producto"
"Remove Product From Websites","Eliminar Producto de Sitios Web"
"Delete Row","Eliminar Renglón"
"Email","Email"
"In stock","En existencia"
"In Stock","En existencia"
"In stock.","En existencia."
"Nowhere","En ningún lugar"
"Link (Related, Up sell, Cross sell)","Enlace (Relacionado, Venta más alta, Venta cruzada)"
"Link product not exists.","Enlace de producto no existe."
"Integer","Entero"
"Send Count","Enviar Recuento"
"Email to a Friend","Enviar un correo electrónico a un amigo"
"Error while adding customers for %s alert. Message: %s","Error al añadir clientes para %s alerta. Mensaje: %s"
"Category delete error","Error al eliminar la categoría"
"Error while saving this group. Please try again later.","Error al guardar este grupo. Por favor, inténtelo de nuevo más tarde."
"Error while saving this group. Group with the same name already exists.","Error al guardar este grupo. Un grupo con el mismo nombre ya existe."
"Category move error","Error al mover la categoría"
"Error during retrieval of option value: %s","Error durante la recuperación de la opción del valor: %s"
"Product saving error. ","Error Guardando el Producto. "
"Product saving error.","Error Guardando el Producto."
"Is Default","Es Predeterminada"
"Is Required","Es Requerido"
"This search no longer exists","Esta búsqueda ya no existe"
"Set Ascending Direction","Establecer Dirección Ascendente"
"Set Descending Direction","Establecer Dirección Descendente"
"Set Root Category For Store","Establecer la categoría principal de la tienda"
"Set root category for this store in the <a href=""%s"">configuration</a>","Establecer la categoría raíz de esta tienda en la <a href=""%s"">configuración</a>"
"Set Name","Establecer Nombre"
"Set special price","Establecer precio especial"
"Status","Estatus"
"Static","Estático"
"This attribute no longer exists","Este atributo ya no existe"
"This group contains attributes, used in configurable products. Please move these attributes to another group and try again.","Este grupo contiene atributos usados en otro grupo, Por favor, mueva estos atributos a otro grupo e intentelo de nuevo."
"This group contains system attributes. Please move system attributes to another group and try again.","Este grupo contiene los atributos del sistema. Por favor, pasar este sistema de atributos a otro grupo y vuelve a intentarlo."
"Stretch","Estirar"
"Label","Etiqueta"
"Attribute Label","Etiqueta del atributo"
"Product Tags","Etiquetas de productos"
"Exclude","Excluir"
"Expand All","Expandir Todo"
"Failed","Falla"
"Failed to move file: %s","Falla al mover el archivo: %s"
"Please specify the product(s) quantity","Favor de especificar la cantidad de productos"
"Please specify the product required option(s)","Favor de especificar las opciones requeridas de producto"
"Please specify the product option(s)","Favor de especificar opciones de producto"
"Please refresh ""Catalog Rewrites"" and ""Layered Navigation Indices"" in System -> <a href=""%s"">Cache Management</a>","Favor de Recargar ""Catálogo Rewrites"" y Indices de Navegación por Capar"" en Sistema -> <a href=""%s"">Manejo del Cache</a>"""
"Please select  items","Favor de seleccionar artículo"
"Date","Fecha"
"Date Subscribed","Fecha de suscripción"
"Datetime","Fecha y hora"
"Fixed","Fijo"
"File options format is not valid","File options format is not valid"
"File upload failed","File upload failed"
"Flat Catalog module has a limit of %2$d filterable and/or sort able attributes. Currently there are %1$d. Please reduce the number of filterable/sort able attributes in order to use this module.","Flat Catalog module has a limit of %2$d filterable and/or sort able attributes. Currently there are %1$d. Please reduce the number of filterable/sort able attributes in order to use this module."
"Time format","Formato en Horas"
"Frontend","Frontend"
"Gallery","Galería"
"Autogenerate","Generación Automática"
"Manage Attribute Sets","Gestión de Arreglos de Atributos"
"Manage Product Sets","Gestión de conjuntos de productos"
"Manage Label / Options","Gestión de Etiqueta/Opciones"
"Manage Stock","Gestión de existencias"
"Manage Categories","Gestión de las categorías"
"Manage Catalog Categories","Gestión de las categorías de catálogo"
"Manage Attributes","Gestión de los atributos"
"Manage Product Attributes","Gestión de los atributos del producto"
"Manage Options (values of your attribute)","Gestión de Opciones (valores de su atributo)"
"Manage Products","Gestión de Productos"
"Url Rewrite Management","Gestión de reescritura de URL"
"Manage Titles (Size, Color, etc.)","Gestión de Títulos (Tamaño, Color, etc.)"
"Global","Global"
"Attribute group with the ""/name/"" name already exists","Grupo de atributos con el ""/nombre/"" nombre ya existe"
"Customer Group","Grupo de Cliente"
"Groups","Grupos"
"Saved ","Guardados"
"Save","Guardar"
"save","guardar"
"Save Attribute Set","Guardar arreglo de atributos"
"Save Attribute","Guardar atributo"
"Save Search","Guardar Búsqueda"
"Save Category","Guardar la categoría"
"Url rewrie save problem.","Guardar problema de Url rewrie."
"Save And Continue Edit","Guardar y continuar modificando"
"Double click on a group to rename it","Haga doble clic en un grupo para renombrar"
"ID","ID"
"ID: %s","ID: %s"
"If you do not specify an option value for a specific store view then the default (Admin) value will be used.","If you do not specify an option value for a specific store view then the default (Admin) value will be used."
"Image","Imagen"
"Image not specified.","Imagen no especificada."
"Print This Page","Imprimir esta página"
"Tax","Impuestos"
"Disabled","Inactivo"
"Unable to get product id.","Incapaz de obtener el id del producto."
"Incl. Tax","Incl. Impuestos"
"Additional Information","Información Adicional"
"Product Information","Información de Producto"
"Attribute Information","Información del Atributo"
"General Information","Información General"
"Home","Inicio"
"Invalid attribute %s","Invalid attribute %s"
"Inventory","Inventario"
"Go to Home Page","Ir a la página de Inicio"
"Selected configuration is not available.","La configuración seleccionada no está disponible."
"Image not exists","La imagen no existe"
"Length of text is too long","La Longitud del texto es demasiado largo"
"Line %d, Email: %s","Línea %d, Email: %s"
"Line %d, SKU: %s","Línea %d, No. Ref. (SKU): %s"
"leave blank if its not an image","leave blank if its not an image"
"Letters","Letras"
"Letters(a-zA-Z) or Numbers(0-9)","Letras (a-zA-Z) o Números (0-9)"
"List","Lista"
"Compare list successfully cleared","Lista Comparativa borrada exitosamente"
"Product listing sort by","Listado de Productos ordenado por"
"Items that you don't want to show in the catalog or search results should have status 'Disabled' in the desired store.","Los artículos que no desea mostrar en el catálogo o los resultados de la búsqueda deberían estar en estado 'Inactivo' en la Tienda deseada."
"Filters must be as array","Los filtros deben estar como grupos"
"Media Image","Los medios de imágenes"
"Attrribute names can be specified per store.","Los nombres de atributos se pueden especificar por tienda."
"Tile","Loseta"
"Site Map","Mapa del Sitio"
"Categories Sitemap","Mapa del sitio de Categorías"
"Products Sitemap","Mapa del sitio de Productos"
"Watermark","Marca de Agua"
"Product Image Placeholders","Marcadores de imagen del producto"
"Max Characters","Max Caracteres"
"Maximum image height","Maximum image height"
"Maximum Image Size","Maximum Image Size"
"Maximum image width","Maximum image width"
"Learn More","Más información"
"More Views","Más Vistas"
"Minimum Lines Per Page","Mínimo de Lineas Por Página"
"Best Value","Mejor Valor"
"Backend Model","Modelo Backend"
"Source Model","Modelo de la Fuente"
"Attribute Model","Modelo del atributo"
"Attribute model not defined","Modelo del atributo no definido"
"Frontend Model","Modelo Frontend"
"Globally Editable","Modificable Globalmente"
"Edit","Modificar"
"Edit Product Attribute","Modificar atributo del producto"
"Edit Product Attribute ""%s""","Modificar atributo del producto ""%s"""
"Edit Attribute Set '%s'","Modificar conjunto de atributos '%s'"
"Edit Search","Modificar la búsqueda"
"Edit Search '%s'","Modificar la búsqueda '%s'"
"List Mode","Modo Lista"
"Show","Mostrar"
"Show Details","Mostrar detalles"
"Display in Suggested Terms","Mostrar en Términos Sugeridos"
"Show Tags","Mostrar etiquetas"
"Move","Mover"
"Move category in tree","Mover categoría en árbol"
"Browse By","Navegar por"
"Number of results<br/>(For last time placed)","Número de resultados<br/> (Por última vez colocado)"
"Number of Uses","Número de Usos"
"Decimal Number","Número decimal"
"Integer Number","Número Entero"
"Maximum number of characters","Número Máximo de caracteres"
"cache refresh needed","Necesita recargar el cache"
"No product collections found","Ningún producto de colecciones encontrado"
"No options of this product are available.","Ninguna opción de este producto está disponible."
"None","Ninguno"
"Product Tier Price API","Nivel de Precio de Producto API"
"Tier Pricing","Nivel de Precios"
"Invalid Tier Prices","Nivel de Precios Inválido"
"No","No"
"There are no %s available.","No hay %s disponible."
"No layout updates","No hay actualizaciones de diseño"
"There are no customers for this alert","No hay clientes de los clientes"
"No image","No hay imagen"
"There are no products matching the selection.","No hay productos que concuerden con los de la selección."
"Not shared with other products","No se comparte con otros productos"
"Image file not found","No se encuentra el archivo de imagen"
"You cannot update this attribute","No se puede actualizar este atributo"
"Unable to complete request. Please try again later.","No se puede completar la solicitud. Por favor, inténtelo de nuevo más tarde."
"Can't create image.","No se puede crear imagen."
"You cannot remove system attribute from this set.","No se puede eliminar el sistema de atributos de este arreglo."
"You cannot delete this attribute","No se puede eliminar este atributo"
"Unable to find an attribute to delete","No se puede encontrar un atributo a eliminar"
"Unable to find a search term to delete","No se puede encontrar un término de búsqueda para eliminar"
"You cannot edit this attribute","No se puede modificar este atributo"
"SKU","No. Ref. (SKU)"
"Missing SKU, skipping the record","No. Ref. (SKU) faltante, omitiendo el registro"
"Name","Nombre"
"First Name","Nombre"
"New Set Name","Nombre de Arreglo Nuevo"
"Tag Name","Nombre de etiqueta"
"Attrib. Set Name","Nombre del Atributo del Arreglo"
"Attribute Name:","Nombre del atributo:"
"Product Name","Nombre del Producto"
"Name In %s","Nombre en %s"
"Name<br/>(For internal use)","Nombre<br/> (Para uso interno)"
"Notify Low Stock RSS","Notificación RSS de existencias bajas"
"Notify for Quantity Below","Notificar para Cantidades por debajo de"
"OR","O"
"Get special price","Obtén precio especial"
"There was an error while updating product(s) status","Ocurrió un error mientras se actualizaba el estatus de producto(s)"
"There was an error while cleared compare list","Ocurrió un error mientras se eliminaba la lista de comparar"
"Invalid attribute option specified for attribute %s (%s), skipping the record","Opción de atributo inválido especificado para el atributo %s (%s), omitiendo el registro"
"Invalid option id specified for %s (%s), skipping the record","Opción ID especificada inválida para %s (%s), omitiendo el registro"
"Option:","Opción:"
"Shopping Options","Opciones de Compras"
"Options Control","Opciones de Control"
"Date & Time Custom Options","Opciones de Fecha y Hora Personalizables"
"Options is required","Opciones es requerido"
"Custom Options","Opciones Personalizadas"
"Search Engine Optimizations","Optimización de Motores de búsqueda (SEO)"
"Option validation failed to add product to cart","Option validation failed to add product to cart"
"Date fields order","Orden en Campos de Fecha"
"Sort Order","Ordenar Pedido"
"Sort by","Ordenar por"
"Our customer service is available 24/7. Call us at (555) 555-0123.","Our customer service is available 24/7. Call us at (555) 555-0123."
"Country/State","País/Estado"
"For reindex enabled product(s) you need specify store or product","Para reindexar producto(s) habilitados necesitas especificar la tienda o producto"
"For internal use. Must be unique with no spaces","Para uso interno. Debe ser único, sin espacios"
"Double click on above image to view full picture","Para ver la foto completa, haga doble clic en la imagen."
"Page:","Página:"
"Backorders","Pedidos Pendientes"
"Pending","Pendiente"
"Pending Reviews RSS","Pendiente de comentarios RSS"
"Allow HTML-tags on Front-end","Permitir etiquetas-HTML en Front-end"
"Please set up merge date/time .","Please set up merge date/time ."
"Please specify date required option(s)","Please specify date required option(s)"
"Please specify time required option(s)","Please specify time required option(s)"
"PM","PM"
"Set/Get current store view","Poner/Tener vista de tienda actual"
"Please click on Close Window button if it won't be closed automatically","Por favor, haga clic en el botón Cerrar ventana si no se cierra automáticamente"
"Please enter a new group name","Por favor, introduzca un nombre nuevo de grupo"
"Please select static block ...","Por favor, seleccione bloque estático..."
"Please select products for attributes update","Por favor, seleccione los productos para la actualización de los atributos"
"Please select product(s)","Por favor, seleccione producto(s)"
"Please select one or more attributes.","Por favor, seleccione uno o más atributos."
"per page","por página"
"Percentage","Porcentaje"
"Position","Más Vendidos"
"Position of attribute in layered navigation block","Posición de atributo en bloque de capas de navegación"
"Watermark Position","Posición de marca de agua"
"Position In Layered Navigation","Posición en capas de navegación"
"Price","Precio"
"Old Price:","Precio antiguo:"
"Special Price:","Precio Especial:"
"Special Price","Precio Especial"
"Regular Price:","Precio normal:"
"Price:","Precio:"
"Default price","Precios Predeterminados"
"Problem saving the collection, aborting. Error: %s","Problema al guardar la colección, abortar. Error: %s"
"Product","Producto"
"Product %s successfully added to compare list","Producto %s agregado para la lista comparativa"
"Product %s successfully removed from compare list","Producto %s eliminado de la lista comparativa"
"Grouped Product","Producto Agrupado"
"Product API","Producto API"
"Product with this combination of attributes already associated to configurable.","Producto con esta combinación de atributos ya están asociados a configurar."
"Configurable Product","Producto configurable"
"Product Image Watermarks","Producto de imágenes de Marcas de agua"
"Product duplicated","Producto duplicado"
"Product deleted","Producto eliminado"
"Product was successfully created.","Producto fue creado exitosamente."
"Product was successfully saved.","Producto fue guardado exitosamente."
"Product Images","Producto Imágenes"
"Product Images API","Producto Imágenes API"
"New Product","Producto Nuevo"
"Simple Product","Producto Simple"
"Virtual Product","Producto Virtual"
"Products","Productos"
"products","productos"
"Assigned Products","Productos Asignados"
"Associated Products","Productos Asociados"
"Products only","Productos únicamente"
"Customers Tagged Product","Productos con Etiquetas de Clientes"
"Products Information","Productos de Información"
"Product In Websites","Productos en sitios web"
"New Products","Productos Nuevos"
"Products per Page on List default value","Productos por página en el valor predeterminado de la Lista"
"Products per Page on Grid default value","Productos por página en el valor predeterminado de la Rejilla"
"Products per page on Grid allowed values","Productos por página en los valores permitidos de la Rejilla"
"Products per Page on List allowed values","Productos por página en los valores permitidos de la Rejilla"
"Related Products","Productos Relacionados"
"Maximal Depth","Profundidad Máxima"
"Properties","Propiedades"
"Attribute Properties","Propiedades del atributo"
"System Properties","Propiedades del sistema"
"Frontend Properties","Propiedades Frontend"
"You may also be interested in the following product(s)","Puede que también este interesado en el (los) siguiente(s) producto(s)"
"Can be used only with catalog input type Dropdown","Puede ser usado únicamente con catálogo de tipo de entrada desplegable"
"Can be used only with catalog input type Dropdown, Multiple Select and Price","Puede ser usado únicamente con catálogo de tipo de entrada desplegable, Selección y Precio múltiples"
"px.","px."
"Root","Raíz"
"Year Range","Rango Año"
"Retrieve product attribute sets","Recuperar atributo de arreglos de producto"
"Retrieve category attributes","Recuperar atributos de categorías"
"Retrieve categories tree","Recuperar árbol de categorías"
"Retrieve hierarchical tree","Recuperar árbol jerárquico"
"Retrieve attribute data","Recuperar dato de atributo"
"Retrieve category data","Recuperar dato de categoría"
"Retrieve products data","Recuperar datos de productos"
"Retrieve product image","Recuperar imagen de producto"
"Retrieve attribute list","Recuperar lista de atributo"
"Retrieve product image list","Recuperar lista de imagen de producto"
"Retrieve list of assigned products","Recuperar lista de productos asignados"
"Retrieve products list by filters","Recuperar lista de productos por filtros"
"Retrieve product tier prices","Recuperar nivel de precios de producto"
"Retrieve attribute options","Recuperar opciones de atributo"
"Retrieve product","Recuperar producto"
"Retrieve linked products","Recuperar productos vinculados"
"Retrieve product link type attributes","Recuperar tipos de atributos de enlace de producto"
"Retrieve product link types","Recuperar tipos de enlace de producto"
"Retrieve product image types","Recuperar tipos de imagen de producto"
"Retrieve product types","Recuperar tipos de producto"
"Retrieve one level of categories by website/store view/parent category","Recuperar un nivel de categorías por sitioweb/tienda vista/categoría padre"
"Redirect","Redireccionar"
"Records for ""","Registros por """
"Grid","Rejilla"
"Required","Requerido"
"Customers Reviews","Reseñas de Clientes"
"Reset","Restablecer"
"Results","Resultados"
"Check items to add to the cart or","Revisar artículo para añadir al carrito o"
"Roll Over for preview","Roll over para vista previa"
"Skip import row, required field ""%s"" not defined","Saltar el renglón de importación, el campo es requerido ""%s"" no está definidos"
"Skip import row, required field ""%s"" for new customer not defined","Saltar el renglón de importación, el campo es requerido ""%s"" para el cliente nuevo indefinido"
"Skip import row, required field ""%s"" for new products not defined","Saltar el renglón de importación, el campo es requerido ""%s"" para los productos nuevos no está definido"
"Skip import row, is not valid value ""%s"" for field ""%s""","Saltar el renglón de importación, inválido el valor ""%s"" para el campo ""%s"""
"Skip import row, store ""%s"" field not exists","Saltar el renglón de importación, tienda ""%s"" el campo no existe"
"Yes","Sí"
"Yes/No","Sí/No"
"There was an error while updating product(s) attributes","Se ha producido un error mientras se actualizaban los atributos de el(os) producto(s)"
"There was an error while adding products to websites","Se ha producido un error mientras se agregaban los productos a los sitios web"
"There was an error while removing products from websites","Se ha producido un error mientras se eliminaban los productos de los sitios web"
"Search was successfully deleted","Se ha suprimido la búsqueda"
"Searchable","Se puede Buscar"
"Please be careful as once you click on the row it will load package data form the selected file and all unsaved form data will be lost.","Sea Cuidadoso, una vez que haga clic sobre el renglón, cargará el paquete de datos del formulario del archivo seleccionado."
"Catalog Section","Sección Catálogo"
"Select Configurable Attributes ","Selección de Atributos Configurables "
"Selected Product Types","Selección de Tipos de Producto"
"Multiple Select","Selección Múltiple"
"Select type of option","Seleccionar tipo de opciones"
"Select type options required values rows.","Seleccionar tipo de opciones requeridas de valores de renglones."
"select all","seleccionar todo"
"comma separated","separado por comas"
"Page Title Separator","Separador de Título de Página"
"Next","Siguiente"
"Synonym For","Sinónimo Para"
"Synonym for","Sinónimo para"
"System","Sistema"
"Sitemap","Sitemap"
"Website","Sitio Web"
"Duplicate website, country and state tax found.","Sitio web duplicado, impuestos encontrados en país y Estado."
"Websites","Sitios web"
"Upload new product image ","Subir imagen nueva de producto "
"Subscribe to RSS Feed","Subscribe al RSS Feed"
"Product URL Suffix","Sufijo del Producto URL"
"Subscribe to Feed","Suscribirse al Feed"
"Backend Table","Tabla Backend"
"Watermark Default Size","Tamaño predeterminado de marca de agua"
"We Also Recommend","También Recomendamos"
"As low as:","Tan bajo como:"
"Search Term with such search query already exist.","Término de la búsqueda con esa consulta de búsqueda ya existe."
"Search Term was successfully saved","Término de la búsqueda se ha guardado"
"Title","Título"
"Backend Table Title","Título de la Tabla Backend"
"Text","Texto"
"This is a required option","This is a required option"
"Store","Tienda"
"Invalid store specified","Tienda especificada inválida"
"Invalid store specified, skipping the record","Tienda especificada inválida, omitiendo el registro"
"Type","Tipo"
"Invalid image file type","Tipo de archivo de imagen inválido"
"Data Type for Saving in Database","Tipo de datos para guardar en la base de datos"
"Input Type","Tipo de entrada"
"Catalog Input Type for Store Owner","Tipo de entrada del catálogo para el propietario de la tienda"
"Invalid image type.","Tipo de imagen inválida."
"Image type and information need to be specified for each store view.","Tipo de imagen y la información deben ser especificados para cada vista de tienda."
"Price Type","Tipo de Precio"
"Product Type","Tipo de Producto"
"Invalid product type specified, skipping the record","Tipo de producto especificado inválido, omitiendo el registro"
"All","Todo"
"ALL GROUPS","Todos los Grupos"
"All Product Types","Todos los Tipos de Producto"
"Total incl. Tax: %1$s","Total de impuestos incluidos: %1$s"
"A name is required","Un nombre es requerido"
"Total of %d record(s) were successfully updated","Un total de %d registro(s) se ha(n) actualizado"
"Total of %d record(s) were successfully deleted","Un total de %d registro(s) se ha(n) eliminado"
"Url","URL"
"Redirect URL","URL de redireccionamiento"
"Use Config Settings","Usar ajustes de configuración"
"Use JavaScript Calendar","Usar Calendario en JavaScript"
"Use Flat Catalog Category","Usar Catálogo Tipo Impreso de Categoría"
"Use Flat Catalog Product","Usar Catálogo Tipo Impreso de Producto"
"Use Tree Like Category Sitemap","Usar Categoría de Mapa de Sitio Tipo Árbol"
"Please, use four-digit year format","Usar formato de año de cuatro dígitos por favor"
"Use To Create Configurable Product","Usar para crear producto configurable"
"Use categories path for product URLs","Usar ruta de acceso para las categorías de productos URL"
"Used for sorting in product listing","Used for sorting in product listing"
"Used in product listing","Used in product listing"
"Use in quick search","Uso en búsqueda rápida"
"Use In Layered Navigation","Uso en capas de navegación"
"Use In Layered Navigation<br/>(Can be used only with catalog input type 'Dropdown')","Uso en capas de navegación<br/>(Puede ser utilizado sólo con el catálogo del tipo de entrada'Desplegable')"
"You have no items to compare.","Usted no tiene artículos para comparar."
"Use Default Value","Utilizar el valor predeterminado"
"Use in advanced search","Utilizar en búsqueda avanzada"
"Use In Search Results Layered Navigation","Utilizar en navegación por capas en los resultados de búsqueda"
"Empty","Vacío"
"Input Validation for Store Owner","Validación de entrada de la tienda del Propietario"
"Unique Value","Valor único"
"Unique Value (not shared with other products)","Valor único (no compartidos con otros productos)"
"Default value","Valor predeterminado"
"Price values for options should be specified in system base currency.","Valores de Precio para las opciones deben ser especificados en el sistema de la divisa base."
"Default Values","Valores Predeterminados"
"Values Required","Valores requeridos"
"Varchar","Varchar"
"Cross-sells","Ventas cruzadas"
"Up-sells","Ventas más altas"
"View as","Ver como"
"Visibility","Visibilidad"
"Visible","Visible"
"Visible on Product View Page on Front-end","Visible on Product View Page on Front-end"
"Visible on Catalog Pages on Front-end","Visibles en páginas de Catálogo en Front-end"
"Store View","Vista de la tienda"
"Quick Overview","Vista General Rápida"
"Back","Volver"
"Web Site Item Must be checked","Web Site Item Must be checked"
"Web Site Store Must be checked","Web Site Store Must be checked"
"Wrong BuyRequest instance in options group","Wrong BuyRequest instance in options group"
"Wrong option instance type in options group","Wrong option instance type in options group"
"Wrong option type to get group instance.","Wrong option type to get group instance."
"Wrong product instance type in options group","Wrong product instance type in options group"
"Wrong quote item instance in options group","Wrong quote item instance in options group"
"Wrong quote item option instance in options group","Wrong quote item option instance in options group"
"x","x"
"and","y"
"and above","y más"
"[GLOBAL]","[GLOBAL]"
